,eruptions,waiting,,uniform log f(x),norm log f(x),V shaped,lognorm,V Shape F(x) ,norm,mu,3.487783088,waiting time,eruptions,Observed,Uniform,Normal,V Shaped
1,3.6,79,,-5.605802066,-1.056002102,-1.291568543,-4.201327327,,,sigma,1.141371251,79,1.6,0.003676471,0,0.049067758,0.208699951
2,1.8,54,,-5.605802066,-2.144494249,-0.956917585,-4.866788685,,,log L,-421.4179475,133,1.62,0.003676471,0.003676471,0.050873994,0.205289174
3,3.333,74,,-5.605802066,-1.060364167,-1.504868614,-4.257088535,,,,,207,1.65,0.003676471,0.007352941,0.053682158,0.202056352
4,2.283,62,,-5.605802066,-1.608269839,-4.238168128,-4.597027903,,lognorm,mu,3.487783088,269,1.68,0.007352941,0.011029412,0.056611712,0.199001483
5,4.533,85,,-5.605802066,-1.470472921,-0.778012836,-4.061773175,,,sigma,1.141371251,354,1.71,0.011029412,0.014705882,0.059665792,0.196124567
6,2.883,55,,-5.605802066,-1.191552217,-2.016882239,-4.374404235,,,log L,-1176.405638,409,1.74,0.014705882,0.018382353,0.062847493,0.193425606
7,4.7,88,,-5.605802066,-1.615165962,-0.70858958,-4.043566785,,,,,497,1.77,0.036764706,0.022058824,0.066159858,0.190904597
8,3.6,85,,-5.605802066,-1.056002102,-1.291568543,-4.201327327,,V shape,a,1.6,582,1.8,0.058823529,0.025735294,0.069605873,0.188561542
9,1.95,51,,-5.605802066,-1.958793625,-1.412393114,-4.771107765,,,b,5.1,633,1.83,0.069852941,0.029411765,0.073188454,0.186396441
10,4.35,85,,-5.605802066,-1.336500096,-0.860066461,-4.083734596,,,c,2.21,718,1.86,0.102941176,0.033088235,0.076910441,0.184409293
11,1.833,54,,-5.605802066,-2.102158221,-1.040829558,-4.84464053,,,log L,-357.5495879,772,1.89,0.147058824,0.036764706,0.080774589,0.182600099
12,3.917,84,,-5.605802066,-1.121877127,-1.086134846,-4.145490866,,uniform,mean,3.487783088,856,1.92,0.154411765,0.040441176,0.084783556,0.180968858
13,4.2,78,,-5.605802066,-1.245857609,-0.932737651,-4.103463763,,,sigma,1.141371251,934,1.95,0.165441176,0.044117647,0.088939898,0.179515571
14,1.75,47,,-5.605802066,-2.210232555,-0.841848256,-4.901633435,,,log L,-1524.778162,981,1.98,0.176470588,0.047794118,0.093246057,0.178240237
15,4.7,83,,-5.605802066,-1.615165962,-0.70858958,-4.043566785,,,,,1064,2.01,0.202205882,0.051470588,0.097704352,0.177142857
16,2.167,52,,-5.605802066,-1.720712959,-3.211874629,-4.652493311,,,,,1116,2.04,0.220588235,0.055147059,0.102316971,0.176223431
17,1.75,62,,-5.605802066,-2.210232555,-0.841848256,-4.901633435,,,,,1178,2.07,0.224264706,0.058823529,0.10708596,0.175481957
18,4.8,84,,-5.605802066,-1.712056226,-0.669214414,-4.033434387,,,,,1262,2.1,0.242647059,0.0625,0.112013214,0.174918438
19,1.6,52,,-5.605802066,-2.418961771,-0.559615788,-5.016526356,,,,,1314,2.13,0.242647059,0.066176471,0.117100471,0.174532872
20,4.25,79,,-5.605802066,-1.274152722,-0.907922482,-4.096704515,,,,,1393,2.16,0.25,0.069852941,0.122349299,0.17432526
21,1.8,51,,-5.605802066,-2.144494249,-0.956917585,-4.866788685,,,,,1444,2.19,0.261029412,0.073529412,0.12776109,0.174295601
22,1.75,47,,-5.605802066,-2.210232555,-0.841848256,-4.901633435,,,,,1491,2.22,0.275735294,0.077205882,0.133337049,0.174443895
23,3.45,78,,-5.605802066,-1.051716837,-1.40576091,-4.231559798,,,,,1569,2.25,0.290441176,0.080882353,0.13907819,0.174770143
24,3.067,69,,-5.605802066,-1.11912569,-1.77518965,-4.32238736,,,,,1638,2.28,0.294117647,0.084558824,0.144985324,0.175274345
25,4.533,74,,-5.605802066,-1.470472921,-0.778012836,-4.061773175,,,,,1712,2.31,0.301470588,0.088235294,0.151059053,0.1759565
26,3.6,83,,-5.605802066,-1.056002102,-1.291568543,-4.201327327,,,,,1795,2.34,0.308823529,0.091911765,0.157299762,0.176816609
27,1.967,55,,-5.605802066,-1.938837191,-1.480013302,-4.761027309,,,,,1850,2.37,0.316176471,0.095588235,0.163707615,0.177854671
28,4.083,76,,-5.605802066,-1.187146305,-0.993330867,-4.120034866,,,,,1926,2.4,0.327205882,0.099264706,0.170282543,0.179070687
29,3.85,78,,-5.605802066,-1.101525199,-1.126176048,-4.15646133,,,,,2004,2.43,0.334558824,0.102941176,0.177024244,0.180464656
30,4.433,79,,-5.605802066,-1.394078105,-0.822014655,-4.073499844,,,,,2083,2.46,0.334558824,0.106617647,0.183932175,0.182036579
31,4.3,73,,-5.605802066,-1.304366884,-0.883708224,-4.090129954,,,,,2156,2.49,0.338235294,0.110294118,0.191005546,0.183786456
32,4.467,77,,-5.605802066,-1.419191073,-0.806835792,-4.069440346,,,,,2233,2.52,0.338235294,0.113970588,0.198243318,0.185714286
33,3.367,66,,-5.605802066,-1.056768156,-1.475041842,-4.249483844,,,,,2299,2.55,0.338235294,0.117647059,0.205644197,0.187820069
34,4.033,80,,-5.605802066,-1.165260817,-1.020388794,-4.127453741,,,,,2379,2.58,0.338235294,0.121323529,0.213206633,0.190103806
35,3.833,74,,-5.605802066,-1.096909358,-1.136596002,-4.159312069,,,,,2453,2.61,0.338235294,0.125,0.220928817,0.192565497
36,2.017,52,,-5.605802066,-1.881427559,-1.710384556,-4.732201628,,,,,2505,2.64,0.345588235,0.128676471,0.228808676,0.195205141
37,1.867,48,,-5.605802066,-2.059413603,-1.135344298,-4.822492216,,,,,2553,2.67,0.345588235,0.132352941,0.236843879,0.198022739
38,4.833,80,,-5.605802066,-1.745714554,-0.656553589,-4.03021035,,,,,2633,2.7,0.345588235,0.136029412,0.245031829,0.20101829
39,1.833,59,,-5.605802066,-2.102158221,-1.040829558,-4.84464053,,,,,2692,2.73,0.345588235,0.139705882,0.253369668,0.204191794
40,4.783,90,,-5.605802066,-1.695043325,-0.675799757,-4.035118076,,,,,2782,2.76,0.345588235,0.143382353,0.261854276,0.207543253
41,4.35,80,,-5.605802066,-1.336500096,-0.860066461,-4.083734596,,,,,2862,2.79,0.345588235,0.147058824,0.270482274,0.211072664
42,1.883,58,,-5.605802066,-2.039605537,-1.183114574,-4.812296819,,,,,2920,2.82,0.349264706,0.150735294,0.279250027,0.21478003
43,4.567,84,,-5.605802066,-1.498195796,-0.763482666,-4.057930372,,,,,3004,2.85,0.349264706,0.154411765,0.288153646,0.218665348
44,1.75,58,,-5.605802066,-2.210232555,-0.841848256,-4.901633435,,,,,3062,2.88,0.349264706,0.158088235,0.297188992,0.222728621
45,4.533,73,,-5.605802066,-1.470472921,-0.778012836,-4.061773175,,,,,3135,2.91,0.356617647,0.161764706,0.306351682,0.226969847
46,3.317,83,,-5.605802066,-1.062363455,-1.519218636,-4.260721728,,,,,3218,2.94,0.356617647,0.165441176,0.315637094,0.231389026
47,3.833,64,,-5.605802066,-1.096909358,-1.136596002,-4.159312069,,,,,3282,2.97,0.356617647,0.169117647,0.325040374,0.235986159
48,2.1,53,,-5.605802066,-1.790364447,-2.272594379,-4.686905635,,,,,3335,3,0.356617647,0.172794118,0.334556441,0.240761246
49,4.633,82,,-5.605802066,-1.554543935,-0.735865848,-4.05067197,,,,,3417,3.03,0.356617647,0.176470588,0.344179998,0.245714286
50,2,59,,-5.605802066,-1.900731516,-1.625967214,-4.741867344,,,,,3476,3.06,0.356617647,0.180147059,0.353905538,0.250845279
51,4.8,75,,-5.605802066,-1.712056226,-0.669214414,-4.033434387,,,,,3551,3.09,0.360294118,0.183823529,0.363727355,0.256154226
52,4.716,90,,-5.605802066,-1.630152564,-0.702184434,-4.041908169,,,,,3641,3.12,0.360294118,0.1875,0.373639551,0.261641127
53,1.833,54,,-5.605802066,-2.102158221,-1.040829558,-4.84464053,,,,,3695,3.15,0.360294118,0.191176471,0.383636051,0.267305981
54,4.833,80,,-5.605802066,-1.745714554,-0.656553589,-4.03021035,,,,,3775,3.18,0.360294118,0.194852941,0.393710609,0.273148789
55,1.733,54,,-5.605802066,-2.233020739,-0.805558254,-4.913849964,,,,,3829,3.21,0.360294118,0.198529412,0.403856823,0.27916955
56,4.883,83,,-5.605802066,-1.798304832,-0.637670853,-4.025434876,,,,,3912,3.24,0.360294118,0.202205882,0.414068146,0.285368265
57,3.717,71,,-5.605802066,-1.071334446,-1.21075137,-4.179523024,,,,,3983,3.27,0.360294118,0.205882353,0.4243379,0.291744933
58,1.667,64,,-5.605802066,-2.323595021,-0.675965425,-4.963166511,,,,,4047,3.3,0.360294118,0.209558824,0.434659285,0.298299555
59,4.567,77,,-5.605802066,-1.498195796,-0.763482666,-4.057930372,,,,,4124,3.33,0.363970588,0.213235294,0.445025397,0.30503213
60,4.317,81,,-5.605802066,-1.315076859,-0.875607155,-4.087935694,,,,,4205,3.36,0.371323529,0.216911765,0.455429241,0.311942659
61,2.233,59,,-5.605802066,-1.655470128,-5.393133353,-4.620326635,,,,,4264,3.39,0.375,0.220588235,0.465863744,0.319031142
62,4.5,84,,-5.605802066,-1.444414028,-0.792320472,-4.065572063,,,,,4348,3.42,0.378676471,0.224264706,0.476321768,0.326297578
63,1.75,48,,-5.605802066,-2.210232555,-0.841848256,-4.901633435,,,,,4396,3.45,0.378676471,0.227941176,0.486796129,0.333741967
64,4.8,82,,-5.605802066,-1.712056226,-0.669214414,-4.033434387,,,,,4478,3.48,0.382352941,0.231617647,0.497279607,0.34136431
65,1.817,60,,-5.605802066,-2.122580384,-0.999265133,-4.855297158,,,,,4538,3.51,0.389705882,0.235294118,0.507764963,0.349164607
66,4.4,92,,-5.605802066,-1.370552357,-0.836970746,-4.077513172,,,,,4630,3.54,0.389705882,0.238970588,0.518244957,0.357142857
67,4.167,78,,-5.605802066,-1.228234089,-0.949459602,-4.108028803,,,,,4708,3.57,0.397058824,0.242647059,0.528712357,0.365299061
68,4.7,78,,-5.605802066,-1.615165962,-0.70858958,-4.043566785,,,,,4786,3.6,0.397058824,0.246323529,0.539159959,0.373633218
69,2.067,65,,-5.605802066,-1.825936976,-2.010230115,-4.704547891,,,,,4851,3.63,0.411764706,0.25,0.549580598,0.382145329
70,4.7,73,,-5.605802066,-1.615165962,-0.70858958,-4.043566785,,,,,4924,3.66,0.411764706,0.253676471,0.559967167,0.390835393
71,4.033,82,,-5.605802066,-1.165260817,-1.020388794,-4.127453741,,,,,5006,3.69,0.415441176,0.257352941,0.570312628,0.399703411
72,1.967,56,,-5.605802066,-1.938837191,-1.480013302,-4.761027309,,,,,5062,3.72,0.419117647,0.261029412,0.580610027,0.408749382
73,4.5,79,,-5.605802066,-1.444414028,-0.792320472,-4.065572063,,,,,5141,3.75,0.422794118,0.264705882,0.590852509,0.417973307
74,4,71,,-5.605802066,-1.15186765,-1.03865667,-4.13246552,,,,,5212,3.78,0.433823529,0.268382353,0.601033333,0.427375185
75,1.983,62,,-5.605802066,-1.920257316,-1.548124728,-4.75167127,,,,,5274,3.81,0.433823529,0.272058824,0.61114588,0.436955017
76,5.067,76,,-5.605802066,-2.008362375,-0.571100167,-4.008943864,,,,,5350,3.84,0.455882353,0.275735294,0.621183671,0.446712803
77,2.017,60,,-5.605802066,-1.881427559,-1.710384556,-4.732201628,,,,,5410,3.87,0.463235294,0.279411765,0.63114038,0.456648542
78,4.567,78,,-5.605802066,-1.498195796,-0.763482666,-4.057930372,,,,,5488,3.9,0.466911765,0.283088235,0.64100984,0.466762234
79,3.883,76,,-5.605802066,-1.111118648,-1.106253868,-4.151005754,,,,,5564,3.93,0.477941176,0.286764706,0.65078606,0.47705388
80,3.6,83,,-5.605802066,-1.056002102,-1.291568543,-4.201327327,,,,,5647,3.96,0.485294118,0.290441176,0.660463234,0.48752348
81,4.133,75,,-5.605802066,-1.210950843,-0.966985823,-4.112820712,,,,,5722,3.99,0.492647059,0.294117647,0.670035749,0.498171033
82,4.333,82,,-5.605802066,-1.325359487,-0.868042107,-4.085889243,,,,,5804,4.02,0.514705882,0.297794118,0.679498199,0.50899654
83,4.1,70,,-5.605802066,-1.19502453,-0.984295461,-4.117559405,,,,,5874,4.05,0.522058824,0.301470588,0.688845389,0.52
84,2.633,65,,-5.605802066,-1.331601195,-2.48125539,-4.455979858,,,,,5939,4.08,0.533088235,0.305147059,0.698072348,0.531181414
85,4.067,73,,-5.605802066,-1.179934156,-1.001910008,-4.122386324,,,,,6012,4.11,0.558823529,0.308823529,0.707174332,0.542540781
86,4.933,88,,-5.605802066,-1.85281416,-0.619138076,-4.02078813,,,,,6100,4.14,0.573529412,0.3125,0.716146832,0.554078102
87,3.95,76,,-5.605802066,-1.133167784,-1.066987177,-4.140238857,,,,,6176,4.17,0.602941176,0.316176471,0.724985584,0.565793376
88,4.517,80,,-5.605802066,-1.45773391,-0.784924311,-4.063606476,,,,,6256,4.2,0.606617647,0.319852941,0.733686567,0.577686604
89,2.167,48,,-5.605802066,-1.720712959,-3.211874629,-4.652493311,,,,,6304,4.23,0.610294118,0.323529412,0.742246015,0.589757785
90,4,86,,-5.605802066,-1.15186765,-1.03865667,-4.13246552,,,,,6390,4.26,0.636029412,0.327205882,0.750660414,0.60200692
91,2.2,60,,-5.605802066,-1.687673574,-4.670489652,-4.636202978,,,,,6450,4.29,0.650735294,0.330882353,0.75892651,0.614434009
92,4.333,90,,-5.605802066,-1.325359487,-0.868042107,-4.085889243,,,,,6540,4.32,0.661764706,0.334558824,0.76704131,0.627039051
93,1.867,50,,-5.605802066,-2.059413603,-1.135344298,-4.822492216,,,,,6590,4.35,0.680147059,0.338235294,0.775002081,0.639822046
94,4.817,78,,-5.605802066,-1.729290968,-0.662672155,-4.031766261,,,,,6668,4.38,0.709558824,0.341911765,0.782806353,0.652782996
95,1.833,63,,-5.605802066,-2.102158221,-1.040829558,-4.84464053,,,,,6731,4.41,0.716911765,0.345588235,0.79045192,0.665921898
96,4.3,72,,-5.605802066,-1.304366884,-0.883708224,-4.090129954,,,,,6803,4.44,0.738970588,0.349264706,0.797936837,0.679238754
97,4.667,84,,-5.605802066,-1.584876717,-0.721931197,-4.047033832,,,,,6887,4.47,0.757352941,0.352941176,0.805259418,0.692733564
98,3.75,75,,-5.605802066,-1.077558812,-1.189089874,-4.173635597,,,,,6962,4.5,0.761029412,0.356617647,0.812418238,0.706406327
99,1.867,51,,-5.605802066,-2.059413603,-1.135344298,-4.822492216,,,,,7013,4.53,0.794117647,0.360294118,0.819412125,0.720257044
100,4.9,82,,-5.605802066,-1.816622686,-0.631331096,-4.023840712,,,,,7095,4.56,0.816176471,0.363970588,0.826240162,0.734285714
101,2.483,62,,-5.605802066,-1.438659174,-2.919155774,-4.512093658,,,,,7157,4.59,0.841911765,0.367647059,0.832901677,0.748492338
102,4.367,88,,-5.605802066,-1.347862548,-0.852153923,-4.081600054,,,,,7245,4.62,0.860294118,0.371323529,0.839396243,0.762876915
103,2.1,49,,-5.605802066,-1.790364447,-2.272594379,-4.686905635,,,,,7294,4.65,0.871323529,0.375,0.845723673,0.777439446
104,4.5,83,,-5.605802066,-1.444414028,-0.792320472,-4.065572063,,,,,7377,4.68,0.882352941,0.378676471,0.851884009,0.792179931
105,4.05,81,,-5.605802066,-1.172486565,-1.011106718,-4.124907953,,,,,7458,4.71,0.904411765,0.382352941,0.857877522,0.807098369
106,1.867,47,,-5.605802066,-2.059413603,-1.135344298,-4.822492216,,,,,7505,4.74,0.911764706,0.386029412,0.863704705,0.82219476
107,4.7,84,,-5.605802066,-1.615165962,-0.70858958,-4.043566785,,,,,7589,4.77,0.919117647,0.389705882,0.869366258,0.837469105
108,1.783,52,,-5.605802066,-2.166629955,-0.916290732,-4.878458057,,,,,7641,4.8,0.922794118,0.393382353,0.874863093,0.852921404
109,4.85,86,,-5.605802066,-1.763379931,-0.650093373,-4.028572029,,,,,7727,4.83,0.952205882,0.397058824,0.880196316,0.868551656
110,3.683,81,,-5.605802066,-1.065795782,-1.233571153,-4.185707366,,,,,7808,4.86,0.963235294,0.400735294,0.885367223,0.884359862
111,4.733,75,,-5.605802066,-1.646291146,-0.69542362,-4.040161707,,,,,7883,4.89,0.966911765,0.404411765,0.890377292,0.900346021
112,2.3,59,,-5.605802066,-1.5926589,-4.028817899,-4.589306603,,,,,7942,4.92,0.974264706,0.408088235,0.895228174,0.916510133
113,4.9,89,,-5.605802066,-1.816622686,-0.631331096,-4.023840712,,,,,8031,4.95,0.985294118,0.411764706,0.899921682,0.9328522
114,4.417,79,,-5.605802066,-1.382567286,-0.829238163,-4.075436604,,,,,8110,4.98,0.985294118,0.415441176,0.904459787,0.949372219
115,1.7,59,,-5.605802066,-2.277889911,-0.738664019,-4.938124243,,,,,8169,5.01,0.988970588,0.419117647,0.908844604,0.966070193
116,4.633,81,,-5.605802066,-1.554543935,-0.735865848,-4.05067197,,,,,8250,5.04,0.992647059,0.422794118,0.913078385,0.98294612
117,2.317,50,,-5.605802066,-1.577269803,-3.855798735,-4.581683946,,,,,8300,5.07,0.996323529,0.426470588,0.917163509,1
118,4.6,85,,-5.605802066,-1.525951896,-0.749578924,-4.0542684,,,,,8385,5.1,1,0.430147059,0.921102474,1.017231834
119,1.817,59,,-5.605802066,-2.122580384,-0.999265133,-4.855297158,,,,,8444,5.13,1,0.433823529,0.924897886,1.034641621
120,4.417,87,,-5.605802066,-1.382567286,-0.829238163,-4.075436604,,,,,8531,5.16,1,0.4375,0.928552452,1.052229362
121,2.617,53,,-5.605802066,-1.342197824,-2.519814384,-4.461687941,,,,,8584,5.19,1,0.441176471,0.932068967,1.069995057
122,4.067,69,,-5.605802066,-1.179934156,-1.001910008,-4.122386324,,,,,8653,5.22,1,0.444852941,0.935450311,1.087938705
123,4.25,77,,-5.605802066,-1.274152722,-0.907922482,-4.096704515,,,,,8730,5.25,1,0.448529412,0.938699434,1.106060306
124,1.967,56,,-5.605802066,-1.938837191,-1.480013302,-4.761027309,,,,,8786,5.28,1,0.452205882,0.94181935,1.124359862
125,4.6,88,,-5.605802066,-1.525951896,-0.749578924,-4.0542684,,,,,8874,5.31,1,0.455882353,0.944813128,1.14283737
126,3.767,81,,-5.605802066,-1.081091542,-1.178111397,-4.170646064,,,,,8955,5.34,1,0.459558824,0.947683884,1.161492832
127,1.917,45,,-5.605802066,-1.998165873,-1.292902136,-4.791097751,,,,,9000,5.37,1,0.463235294,0.950434772,1.180326248
128,4.5,82,,-5.605802066,-1.444414028,-0.792320472,-4.065572063,,,,,9082,5.4,1,0.466911765,0.953068978,1.199337617
129,2.267,55,,-5.605802066,-1.623165139,-4.485576301,-4.604386722,,,,,9137,5.43,1,0.470588235,0.955589708,1.21852694
130,4.65,90,,-5.605802066,-1.569599405,-0.728874251,-4.048844446,,,,,9227,5.46,1,0.474264706,0.958000185,1.237894217
131,1.867,45,,-5.605802066,-2.059413603,-1.135344298,-4.822492216,,,,,9272,5.49,1,0.477941176,0.960303639,1.257439446
132,4.167,83,,-5.605802066,-1.228234089,-0.949459602,-4.108028803,,,,,9355,5.52,1,0.481617647,0.962503302,1.27716263
133,2.8,56,,-5.605802066,-1.232728489,-2.148505032,-4.39998586,,,,,9411,5.55,1,0.485294118,0.9646024,1.297063767
134,4.333,89,,-5.605802066,-1.325359487,-0.868042107,-4.085889243,,,,,9500,5.58,1,0.488970588,0.966604148,1.317142857
135,1.833,46,,-5.605802066,-2.102158221,-1.040829558,-4.84464053,,,,,9546,5.61,1,0.492647059,0.968511742,1.337399901
136,4.383,82,,-5.605802066,-1.358759271,-0.844763589,-4.079609259,,,,,9628,5.64,1,0.496323529,0.970328354,1.357834899
137,1.883,51,,-5.605802066,-2.039605537,-1.183114574,-4.812296819,,,,,9679,5.67,1,0.5,0.972057131,1.37844785
138,4.933,86,,-5.605802066,-1.85281416,-0.619138076,-4.02078813,,,,,9765,5.7,1,0.503676471,0.973701182,1.399238754
139,2.033,53,,-5.605802066,-1.86346178,-1.796925013,-4.723228244,,,,,9818,5.73,1,0.507352941,0.975263581,1.420207612
140,3.733,79,,-5.605802066,-1.074247924,-1.200190216,-4.176654524,,,,,9897,5.76,1,0.511029412,0.976747357,1.441354424
141,4.233,81,,-5.605802066,-1.264317066,-0.916290732,-4.098981656,,,,,9978,5.79,1,0.514705882,0.978155493,1.462679189
142,2.233,60,,-5.605802066,-1.655470128,-5.393133353,-4.620326635,,,,,10038,5.82,1,0.518382353,0.979490924,1.484181908
143,4.533,82,,-5.605802066,-1.470472921,-0.778012836,-4.061773175,,,,,10120,5.85,1,0.522058824,0.980756527,1.50586258
144,4.817,77,,-5.605802066,-1.729290968,-0.662672155,-4.031766261,,,,,10197,5.88,1,0.525735294,0.981955126,1.527721206
145,4.333,76,,-5.605802066,-1.325359487,-0.868042107,-4.085889243,,,,,10273,5.91,1,0.529411765,0.983089484,1.549757785
146,1.983,59,,-5.605802066,-1.920257316,-1.548124728,-4.75167127,,,,,10332,5.94,1,0.533088235,0.984162304,1.571972318
147,4.633,80,,-5.605802066,-1.554543935,-0.735865848,-4.05067197,,,,,10412,5.97,1,0.536764706,0.985176222,1.594364805
148,2.017,49,,-5.605802066,-1.881427559,-1.710384556,-4.732201628,,,,,10461,6,1,0.540441176,0.986133811,1.616935245
149,5.1,96,,-5.605802066,-2.048784201,-0.559615788,-4.006158017,,,,,10557,6.03,1,0.544117647,0.987037576,1.639683638
150,1.8,53,,-5.605802066,-2.144494249,-0.956917585,-4.866788685,,,,,10610,6.06,1,0.547794118,0.987889953,1.662609985
151,5.033,77,,-5.605802066,-1.967589964,-0.583072141,-4.011867344,,,,,10687,6.09,1,0.551470588,0.988693309,1.685714286
152,4,77,,-5.605802066,-1.15186765,-1.03865667,-4.13246552,,,,,10764,6.12,1,0.555147059,0.989449941,1.70899654
153,2.4,65,,-5.605802066,-1.505320422,-3.281603497,-4.545827748,,,,,10829,6.15,1,0.558823529,0.990162073,1.732456747
154,4.6,81,,-5.605802066,-1.525951896,-0.749578924,-4.0542684,,,,,10910,6.18,1,0.5625,0.99083186,1.756094909
155,3.567,71,,-5.605802066,-1.053577454,-1.315595909,-4.207751073,,,,,10981,6.21,1,0.566176471,0.991461385,1.779911023
156,4,70,,-5.605802066,-1.15186765,-1.03865667,-4.13246552,,,,,11051,6.24,1,0.569852941,0.992052659,1.803905091
157,4.5,81,,-5.605802066,-1.444414028,-0.792320472,-4.065572063,,,,,11132,6.27,1,0.573529412,0.992607623,1.828077113
158,4.083,93,,-5.605802066,-1.187146305,-0.993330867,-4.120034866,,,,,11225,6.3,1,0.577205882,0.993128148,1.852427088
159,1.8,53,,-5.605802066,-2.144494249,-0.956917585,-4.866788685,,,,,11278,6.33,1,0.580882353,0.993616033,1.876955017
160,3.967,89,,-5.605802066,-1.139310421,-1.057264481,-4.137571282,,,,,11367,6.36,1,0.584558824,0.994073009,1.9016609
161,2.2,45,,-5.605802066,-1.687673574,-4.670489652,-4.636202978,,,,,11412,6.39,1,0.588235294,0.994500739,1.926544736
162,4.15,86,,-5.605802066,-1.219481545,-0.958184317,-4.11041341,,,,,11498,6.42,1,0.591911765,0.994900818,1.951606525
163,2,58,,-5.605802066,-1.900731516,-1.625967214,-4.741867344,,,,,11556,6.45,1,0.595588235,0.995274775,1.976846268
164,3.833,78,,-5.605802066,-1.096909358,-1.136596002,-4.159312069,,,,,11634,6.48,1,0.599264706,0.995624074,2.002263964
165,3.5,66,,-5.605802066,-1.051226209,-1.366230072,-4.2211831,,,,,11700,6.51,1,0.602941176,0.995950116,2.027859614
166,4.583,76,,-5.605802066,-1.511548903,-0.756717313,-4.056146608,,,,,11776,6.54,1,0.606617647,0.996254239,2.053633218
167,2.367,63,,-5.605802066,-1.533293516,-3.472381764,-4.559819613,,,,,11839,6.57,1,0.610294118,0.996537721,2.079584775
168,5,88,,-5.605802066,-1.928865345,-0.594830694,-4.014757396,,,,,11927,6.6,1,0.613970588,0.99680178,2.105714286
169,1.933,52,,-5.605802066,-1.978971902,-1.349057239,-4.781335087,,,,,11979,6.63,1,0.617647059,0.997047578,2.13202175
170,4.617,93,,-5.605802066,-1.540576732,-0.742491131,-4.052407585,,,,,12072,6.66,1,0.621323529,0.997276218,2.158507168
171,1.917,49,,-5.605802066,-1.998165873,-1.292902136,-4.791097751,,,,,12121,6.69,1,0.625,0.997488753,2.185170539
172,2.083,57,,-5.605802066,-1.808585293,-2.128887659,-4.695935112,,,,,12178,6.72,1,0.628676471,0.997686179,2.212011864
173,4.583,77,,-5.605802066,-1.511548903,-0.756717313,-4.056146608,,,,,12255,6.75,1,0.632352941,0.997869445,2.239031142
174,3.333,68,,-5.605802066,-1.060364167,-1.504868614,-4.257088535,,,,,12323,6.78,1,0.636029412,0.998039448,2.266228374
175,4.167,81,,-5.605802066,-1.228234089,-0.949459602,-4.108028803,,,,,12404,6.81,1,0.639705882,0.998197039,2.293603559
176,4.333,81,,-5.605802066,-1.325359487,-0.868042107,-4.085889243,,,,,12485,6.84,1,0.643382353,0.998343024,2.321156698
177,4.5,73,,-5.605802066,-1.444414028,-0.792320472,-4.065572063,,,,,12558,6.87,1,0.647058824,0.998478164,2.34888779
178,2.417,50,,-5.605802066,-1.491236279,-3.195908776,-4.538751349,,,,,12608,6.9,1,0.650735294,0.998603179,2.376796836
179,4,85,,-5.605802066,-1.15186765,-1.03865667,-4.13246552,,,,,12693,6.93,1,0.654411765,0.998718746,2.404883836
180,4.167,74,,-5.605802066,-1.228234089,-0.949459602,-4.108028803,,,,,12767,6.96,1,0.658088235,0.998825507,2.433148789
181,1.883,55,,-5.605802066,-2.039605537,-1.183114574,-4.812296819,,,,,12822,6.99,1,0.661764706,0.998924064,2.461591696
182,4.583,77,,-5.605802066,-1.511548903,-0.756717313,-4.056146608,,,,,12899,7.02,1,0.665441176,0.999014984,2.490212556
183,4.25,83,,-5.605802066,-1.274152722,-0.907922482,-4.096704515,,,,,12982,7.05,1,0.669117647,0.999098802,2.519011369
184,3.767,83,,-5.605802066,-1.081091542,-1.178111397,-4.170646064,,,,,13065,7.08,1,0.672794118,0.99917602,2.547988136
185,2.033,51,,-5.605802066,-1.86346178,-1.796925013,-4.723228244,,,,,13116,7.11,1,0.676470588,0.999247106,2.577142857
186,4.433,78,,-5.605802066,-1.394078105,-0.822014655,-4.073499844,,,,,13194,7.14,1,0.680147059,0.999312505,2.606475531
187,4.083,84,,-5.605802066,-1.187146305,-0.993330867,-4.120034866,,,,,13278,7.17,1,0.683823529,0.999372628,2.635986159
188,1.833,46,,-5.605802066,-2.102158221,-1.040829558,-4.84464053,,,,,13324,7.2,1,0.6875,0.999427863,2.66567474
189,4.417,83,,-5.605802066,-1.382567286,-0.829238163,-4.075436604,,,,,13407,7.23,1,0.691176471,0.999478573,2.695541275
190,2.183,55,,-5.605802066,-1.704589467,-3.677237879,-4.644542313,,,,,13462,7.26,1,0.694852941,0.999525096,2.725585764
191,4.8,81,,-5.605802066,-1.712056226,-0.669214414,-4.033434387,,,,,13543,7.29,1,0.698529412,0.999567748,2.755808206
192,1.833,57,,-5.605802066,-2.102158221,-1.040829558,-4.84464053,,,,,13600,7.32,1,0.702205882,0.999606825,2.786208601
193,4.8,76,,-5.605802066,-1.712056226,-0.669214414,-4.033434387,,,,,13676,7.35,1,0.705882353,0.999642601,2.81678695
194,4.1,84,,-5.605802066,-1.19502453,-0.984295461,-4.117559405,,,,,13760,7.38,1,0.709558824,0.999675333,2.847543253
195,3.966,77,,-5.605802066,-1.138942948,-1.057833795,-4.13772749,,,,,13837,7.41,1,0.713235294,0.999705258,2.878477509
196,4.233,81,,-5.605802066,-1.264317066,-0.916290732,-4.098981656,,,,,13918,7.44,1,0.716911765,0.9997326,2.909589718
197,3.5,87,,-5.605802066,-1.051226209,-1.366230072,-4.2211831,,,,,14005,7.47,1,0.720588235,0.999757563,2.940879881
198,4.366,77,,-5.605802066,-1.347188027,-0.852617637,-4.081725063,,,,,14082,7.5,1,0.724264706,0.999780338,2.972347998
199,2.25,51,,-5.605802066,-1.639206712,-4.839748115,-4.612304659,,,,,14133,7.53,1,0.727941176,0.999801104,3.003994068
200,4.667,78,,-5.605802066,-1.584876717,-0.721931197,-4.047033832,,,,,14211,7.56,1,0.731617647,0.999820024,3.035818092
201,2.1,60,,-5.605802066,-1.790364447,-2.272594379,-4.686905635,,,,,14271,7.59,1,0.735294118,0.999837251,3.067820069
202,4.35,82,,-5.605802066,-1.336500096,-0.860066461,-4.083734596,,,,,14353,7.62,1,0.738970588,0.999852924,3.1
203,4.133,91,,-5.605802066,-1.210950843,-0.966985823,-4.112820712,,,,,14444,7.65,1,0.742647059,0.999867175,3.132357884
204,1.867,53,,-5.605802066,-2.059413603,-1.135344298,-4.822492216,,,,,14497,7.68,1,0.746323529,0.999880124,3.164893722
205,4.6,78,,-5.605802066,-1.525951896,-0.749578924,-4.0542684,,,,,14575,7.71,1,0.75,0.999891881,3.197607514
206,1.783,46,,-5.605802066,-2.166629955,-0.916290732,-4.878458057,,,,,14621,7.74,1,0.753676471,0.999902549,3.230499259
207,4.367,77,,-5.605802066,-1.347862548,-0.852153923,-4.081600054,,,,,14698,7.77,1,0.757352941,0.999912221,3.263568957
208,3.85,84,,-5.605802066,-1.101525199,-1.126176048,-4.15646133,,,,,14782,7.8,1,0.761029412,0.999920986,3.296816609
209,1.933,49,,-5.605802066,-1.978971902,-1.349057239,-4.781335087,,,,,14831,7.83,1,0.764705882,0.999928922,3.330242215
210,4.5,83,,-5.605802066,-1.444414028,-0.792320472,-4.065572063,,,,,14914,7.86,1,0.768382353,0.999936103,3.363845774
211,2.383,71,,-5.605802066,-1.519626408,-3.375335975,-4.552993101,,,,,14985,7.89,1,0.772058824,0.999942596,3.397627286
212,4.7,80,,-5.605802066,-1.615165962,-0.70858958,-4.043566785,,,,,15065,7.92,1,0.775735294,0.999948463,3.431586752
213,1.867,49,,-5.605802066,-2.059413603,-1.135344298,-4.822492216,,,,,15114,7.95,1,0.779411765,0.999953761,3.465724172
214,3.833,75,,-5.605802066,-1.096909358,-1.136596002,-4.159312069,,,,,15189,7.98,1,0.783088235,0.999958541,3.500039545
215,3.417,64,,-5.605802066,-1.053091906,-1.432734348,-4.238579665,,,,,15253,8.01,1,0.786764706,0.999962852,3.534532872
216,4.233,76,,-5.605802066,-1.264317066,-0.916290732,-4.098981656,,,,,15329,8.04,1,0.790441176,0.999966736,3.569204152
217,2.4,53,,-5.605802066,-1.505320422,-3.281603497,-4.545827748,,,,,15382,8.07,1,0.794117647,0.999970234,3.604053386
218,4.8,94,,-5.605802066,-1.712056226,-0.669214414,-4.033434387,,,,,15476,8.1,1,0.797794118,0.999973382,3.639080573
219,2,55,,-5.605802066,-1.900731516,-1.625967214,-4.741867344,,,,,15531,8.13,1,0.801470588,0.999976212,3.674285714
220,4.15,76,,-5.605802066,-1.219481545,-0.958184317,-4.11041341,,,,,15607,8.16,1,0.805147059,0.999978756,3.709668809
221,1.867,50,,-5.605802066,-2.059413603,-1.135344298,-4.822492216,,,,,15657,8.19,1,0.808823529,0.99998104,3.745229857
222,4.267,82,,-5.605802066,-1.28421022,-0.899623679,-4.094448722,,,,,15739,8.22,1,0.8125,0.999983089,3.780968858
223,1.75,54,,-5.605802066,-2.210232555,-0.841848256,-4.901633435,,,,,15793,8.25,1,0.816176471,0.999984927,3.816885813
224,4.483,75,,-5.605802066,-1.431315988,-0.799771745,-4.067556065,,,,,15868,8.28,1,0.819852941,0.999986574,3.852980722
225,4,78,,-5.605802066,-1.15186765,-1.03865667,-4.13246552,,,,,15946,8.31,1,0.823529412,0.999988049,3.889253584
226,4.117,79,,-5.605802066,-1.203124598,-0.975340963,-4.115107357,,,,,16025,8.34,1,0.827205882,0.999989369,3.925704399
227,4.083,78,,-5.605802066,-1.187146305,-0.993330867,-4.120034866,,,,,16103,8.37,1,0.830882353,0.99999055,3.962333169
228,4.267,78,,-5.605802066,-1.28421022,-0.899623679,-4.094448722,,,,,16181,8.4,1,0.834558824,0.999991605,3.999139891
229,3.917,70,,-5.605802066,-1.121877127,-1.086134846,-4.145490866,,,,,16251,8.43,1,0.838235294,0.999992547,4.036124567
230,4.55,79,,-5.605802066,-1.484223438,-0.770721361,-4.059842826,,,,,16330,8.46,1,0.841911765,0.999993388,4.073287197
231,4.083,70,,-5.605802066,-1.187146305,-0.993330867,-4.120034866,,,,,16400,8.49,1,0.845588235,0.999994137,4.110627781
232,2.417,54,,-5.605802066,-1.491236279,-3.195908776,-4.538751349,,,,,16454,8.52,1,0.849264706,0.999994806,4.148146317
233,4.183,86,,-5.605802066,-1.23667443,-0.941317063,-4.105804987,,,,,16540,8.55,1,0.852941176,0.999995401,4.185842808
234,2.217,50,,-5.605802066,-1.670979524,-6.58271742,-4.627973495,,,,,16590,8.58,1,0.856617647,0.99999593,4.223717252
235,4.45,90,,-5.605802066,-1.406523668,-0.814396424,-4.071460617,,,,,16680,8.61,1,0.860294118,0.999996401,4.261769649
236,1.883,54,,-5.605802066,-2.039605537,-1.183114574,-4.812296819,,,,,16734,8.64,1,0.863970588,0.99999682,4.3
237,1.85,54,,-5.605802066,-2.080674991,-1.086970714,-4.83348308,,,,,16788,8.67,1,0.867647059,0.999997192,4.338408304
238,4.283,77,,-5.605802066,-1.293878752,-0.891875457,-4.092344928,,,,,16865,8.7,1,0.871323529,0.999997522,4.376994563
239,3.95,79,,-5.605802066,-1.133167784,-1.066987177,-4.140238857,,,,,16944,8.73,1,0.875,0.999997814,4.415758774
240,2.333,64,,-5.605802066,-1.562988598,-3.716443214,-4.574598226,,,,,17008,8.76,1,0.878676471,0.999998074,4.454700939
241,4.15,75,,-5.605802066,-1.219481545,-0.958184317,-4.11041341,,,,,17083,8.79,1,0.882352941,0.999998304,4.493821058
242,2.35,47,,-5.605802066,-1.548030136,-3.586985146,-4.567162106,,,,,17130,8.82,1,0.886029412,0.999998507,4.53311913
243,4.933,86,,-5.605802066,-1.85281416,-0.619138076,-4.02078813,,,,,17216,8.85,1,0.889705882,0.999998687,4.572595156
244,2.9,63,,-5.605802066,-1.183770999,-1.991935971,-4.369334765,,,,,17279,8.88,1,0.893382353,0.999998846,4.612249135
245,4.583,85,,-5.605802066,-1.511548903,-0.756717313,-4.056146608,,,,,17364,8.91,1,0.897058824,0.999998986,4.652081068
246,3.833,82,,-5.605802066,-1.096909358,-1.136596002,-4.159312069,,,,,17446,8.94,1,0.900735294,0.99999911,4.692090954
247,2.083,57,,-5.605802066,-1.808585293,-2.128887659,-4.695935112,,,,,17503,8.97,1,0.904411765,0.999999219,4.732278794
248,4.367,82,,-5.605802066,-1.347862548,-0.852153923,-4.081600054,,,,,17585,9,1,0.908088235,0.999999316,4.772644587
249,2.133,67,,-5.605802066,-1.755627855,-2.629269323,-4.669726561,,,,,17652,9.03,1,0.911764706,0.9999994,4.813188334
250,4.35,74,,-5.605802066,-1.336500096,-0.860066461,-4.083734596,,,,,17726,9.06,1,0.915441176,0.999999475,4.853910035
251,2.2,54,,-5.605802066,-1.687673574,-4.670489652,-4.636202978,,,,,17780,9.09,1,0.919117647,0.999999541,4.894809689
252,4.45,83,,-5.605802066,-1.406523668,-0.814396424,-4.071460617,,,,,17863,9.12,1,0.922794118,0.999999598,4.935887296
253,3.567,73,,-5.605802066,-1.053577454,-1.315595909,-4.207751073,,,,,17936,9.15,1,0.926470588,0.999999649,4.977142857
254,4.5,73,,-5.605802066,-1.444414028,-0.792320472,-4.065572063,,,,,18009,9.18,1,0.930147059,0.999999694,5.018576372
255,4.15,88,,-5.605802066,-1.219481545,-0.958184317,-4.11041341,,,,,18097,9.21,1,0.933823529,0.999999733,5.06018784
256,3.817,80,,-5.605802066,-1.092767688,-1.146503203,-4.162020512,,,,,18177,9.24,1,0.9375,0.999999767,5.101977261
257,3.917,71,,-5.605802066,-1.121877127,-1.086134846,-4.145490866,,,,,18248,9.27,1,0.941176471,0.999999797,5.143944637
258,4.45,83,,-5.605802066,-1.406523668,-0.814396424,-4.071460617,,,,,18331,9.3,1,0.944852941,0.999999823,5.186089965
259,2,56,,-5.605802066,-1.900731516,-1.625967214,-4.741867344,,,,,18387,9.33,1,0.948529412,0.999999846,5.228413248
260,4.283,79,,-5.605802066,-1.293878752,-0.891875457,-4.092344928,,,,,18466,9.36,1,0.952205882,0.999999866,5.270914483
261,4.767,78,,-5.605802066,-1.679233835,-0.682037594,-4.036717073,,,,,18544,9.39,1,0.955882353,0.999999884,5.313593673
262,4.533,84,,-5.605802066,-1.470472921,-0.778012836,-4.061773175,,,,,18628,9.42,1,0.959558824,0.999999899,5.356450816
263,1.85,58,,-5.605802066,-2.080674991,-1.086970714,-4.83348308,,,,,18686,9.45,1,0.963235294,0.999999912,5.399485912
264,4.25,83,,-5.605802066,-1.274152722,-0.907922482,-4.096704515,,,,,18769,9.48,1,0.966911765,0.999999924,5.442698962
265,1.983,43,,-5.605802066,-1.920257316,-1.548124728,-4.75167127,,,,,18812,9.51,1,0.970588235,0.999999934,5.486089965
266,2.25,60,,-5.605802066,-1.639206712,-4.839748115,-4.612304659,,,,,18872,9.54,1,0.974264706,0.999999943,5.529658922
267,4.75,75,,-5.605802066,-1.662651569,-0.688708209,-4.038431392,,,,,18947,9.57,1,0.977941176,0.999999951,5.573405833
268,4.117,81,,-5.605802066,-1.203124598,-0.975340963,-4.115107357,,,,,19028,9.6,1,0.981617647,0.999999957,5.617330697
269,2.15,46,,-5.605802066,-1.738059486,-2.878730183,-4.661051873,,,,,19074,9.63,1,0.985294118,0.999999963,5.661433515
270,4.417,90,,-5.605802066,-1.382567286,-0.829238163,-4.075436604,,,,,19164,9.66,1,0.988970588,0.999999968,5.705714286
271,1.817,46,,-5.605802066,-2.122580384,-0.999265133,-4.855297158,,,,,19210,9.69,1,0.992647059,0.999999972,5.75017301
272,4.467,74,,-5.605802066,-1.419191073,-0.806835792,-4.069440346,,,,,19284,9.72,1,0.996323529,0.999999976,5.794809689
273,,,,,,,,,,,,19284,9.75,1,1,0.99999998,5.83962432
274,,,,,,,,,,,,19284,9.78,1,1.003676471,0.999999982,5.884616906
275,,,,,,,,,,,,19284,9.81,1,1.007352941,0.999999985,5.929787444
276,,,,,,,,,,,,19284,9.84,1,1.011029412,0.999999987,5.975135937
277,,,,,,,,,,,,19284,9.87,1,1.014705882,0.999999989,6.020662383
278,,,,,,,,,,,,19284,9.9,1,1.018382353,0.99999999,6.066366782
279,,,,,,,,,,,,19284,9.93,1,1.022058824,0.999999992,6.112249135
280,,,,,,,,,,,,19284,9.96,1,1.025735294,0.999999993,6.158309441
281,,,,,,,,,,,,19284,9.99,1,1.029411765,0.999999994,6.204547701
282,,,,,,,,,,,,19284,10.02,1,1.033088235,0.999999995,6.250963915
283,,,,,,,,,,,,19284,10.05,1,1.036764706,0.999999996,6.297558082
284,,,,,,,,,,,,19284,10.08,1,1.040441176,0.999999996,6.344330203
285,,,,,,,,,,,,19284,10.11,1,1.044117647,0.999999997,6.391280277
286,,,,,,,,,,,,19284,10.14,1,1.047794118,0.999999997,6.438408304
287,,,,,,,,,,,,19284,10.17,1,1.051470588,0.999999998,6.485714286
288,,,,,,,,,,,,19284,10.2,1,1.055147059,0.999999998,6.53319822
289,,,,,,,,,,,,19284,10.23,1,1.058823529,0.999999998,6.580860109
290,,,,,,,,,,,,19284,10.26,1,1.0625,0.999999999,6.628699951
291,,,,,,,,,,,,19284,10.29,1,1.066176471,0.999999999,6.676717746
292,,,,,,,,,,,,19284,10.32,1,1.069852941,0.999999999,6.724913495
293,,,,,,,,,,,,19284,10.35,1,1.073529412,0.999999999,6.773287197
294,,,,,,,,,,,,19284,10.38,1,1.077205882,0.999999999,6.821838853
295,,,,,,,,,,,,19284,10.41,1,1.080882353,0.999999999,6.870568463
296,,,,,,,,,,,,19284,10.44,1,1.084558824,0.999999999,6.919476026
297,,,,,,,,,,,,19284,10.47,1,1.088235294,1,6.968561542
298,,,,,,,,,,,,19284,10.5,1,1.091911765,1,7.017825012
299,,,,,,,,,,,,19284,10.53,1,1.095588235,1,7.067266436
300,,,,,,,,,,,,19284,10.56,1,1.099264706,1,7.116885813
301,,,,,,,,,,,,19284,10.59,1,1.102941176,1,7.166683144
302,,,,,,,,,,,,19284,10.62,1,1.106617647,1,7.216658428
303,,,,,,,,,,,,19284,10.65,1,1.110294118,1,7.266811666
304,,,,,,,,,,,,19284,10.68,1,1.113970588,1,7.317142857
305,,,,,,,,,,,,19284,10.71,1,1.117647059,1,7.367652002
306,,,,,,,,,,,,19284,10.74,1,1.121323529,1,7.4183391
307,,,,,,,,,,,,19284,10.77,1,1.125,1,7.469204152
308,,,,,,,,,,,,19284,10.8,1,1.128676471,1,7.520247158
309,,,,,,,,,,,,19284,10.83,1,1.132352941,1,7.571468117
310,,,,,,,,,,,,19284,10.86,1,1.136029412,1,7.622867029
311,,,,,,,,,,,,19284,10.89,1,1.139705882,1,7.674443895
312,,,,,,,,,,,,19284,10.92,1,1.143382353,1,7.726198715
313,,,,,,,,,,,,19284,10.95,1,1.147058824,1,7.778131488
314,,,,,,,,,,,,19284,10.98,1,1.150735294,1,7.830242215
315,,,,,,,,,,,,19284,11.01,1,1.154411765,1,7.882530895
316,,,,,,,,,,,,19284,11.04,1,1.158088235,1,7.934997528
317,,,,,,,,,,,,19284,11.07,1,1.161764706,1,7.987642116
318,,,,,,,,,,,,19284,11.1,1,1.165441176,1,8.040464656
319,,,,,,,,,,,,19284,11.13,1,1.169117647,1,8.093465151
320,,,,,,,,,,,,19284,11.16,1,1.172794118,1,8.146643599
321,,,,,,,,,,,,19284,11.19,1,1.176470588,1,8.2
322,,,,,,,,,,,,19284,11.22,1,1.180147059,1,8.253534355
323,,,,,,,,,,,,19284,11.25,1,1.183823529,1,8.307246663
324,,,,,,,,,,,,19284,11.28,1,1.1875,1,8.361136925
325,,,,,,,,,,,,19284,11.31,1,1.191176471,1,8.415205141
326,,,,,,,,,,,,19284,11.34,1,1.194852941,1,8.46945131
327,,,,,,,,,,,,19284,11.37,1,1.198529412,1,8.523875433
328,,,,,,,,,,,,19284,11.4,1,1.202205882,1,8.578477509
329,,,,,,,,,,,,19284,11.43,1,1.205882353,1,8.633257538
330,,,,,,,,,,,,19284,11.46,1,1.209558824,1,8.688215522
331,,,,,,,,,,,,19284,11.49,1,1.213235294,1,8.743351458
332,,,,,,,,,,,,19284,11.52,1,1.216911765,1,8.798665348
333,,,,,,,,,,,,19284,11.55,1,1.220588235,1,8.854157192
334,,,,,,,,,,,,19284,11.58,1,1.224264706,1,8.90982699
335,,,,,,,,,,,,19284,11.61,1,1.227941176,1,8.96567474
336,,,,,,,,,,,,19284,11.64,1,1.231617647,1,9.021700445
337,,,,,,,,,,,,19284,11.67,1,1.235294118,1,9.077904103
338,,,,,,,,,,,,19284,11.7,1,1.238970588,1,9.134285714
339,,,,,,,,,,,,19284,11.73,1,1.242647059,1,9.190845279
340,,,,,,,,,,,,19284,11.76,1,1.246323529,1,9.247582798
341,,,,,,,,,,,,19284,11.79,1,1.25,1,9.30449827
342,,,,,,,,,,,,19284,11.82,1,1.253676471,1,9.361591696
343,,,,,,,,,,,,19284,11.85,1,1.257352941,1,9.418863075
344,,,,,,,,,,,,19284,11.88,1,1.261029412,1,9.476312407
345,,,,,,,,,,,,19284,11.91,1,1.264705882,1,9.533939694
346,,,,,,,,,,,,19284,11.94,1,1.268382353,1,9.591744933
347,,,,,,,,,,,,19284,11.97,1,1.272058824,1,9.649728127
348,,,,,,,,,,,,19284,12,1,1.275735294,1,9.707889273
349,,,,,,,,,,,,19284,12.03,1,1.279411765,1,9.766228374
350,,,,,,,,,,,,19284,12.06,1,1.283088235,1,9.824745428
351,,,,,,,,,,,,19284,12.09,1,1.286764706,1,0.657142857
